time, value
1, 10
2, 20
3, 15
4, 122.3828125,Celsius,temp,2020:06:02:19:20:56,59
2.3828125,Celsius,temp,2020:06:02:19:20:56,59
2.3828125,Celsius,temp,2020:06:02:19:20:56,59
2.3828125,Celsius,temp,2020:06:02:19:20:56,59
2.3828125,Celsius,temp,2020:06:02:19:20:56,59
2.3828125,Celsius,temp,2020:06:02:19:20:56,59
2.3828125,Celsius,temp,2020:06:02:19:20:56,59
2.3828125,Celsius,temp,2020:06:02:19:20:56,59
2.3828125,Celsius,temp,2020:06:02:19:20:56,59
