time, temperature,
2020:28:07:10:39:04,0.498046875,
2020:28:07:10:39:11,0.859375,
2020:28:07:10:39:23,0.4296875,
2020:28:07:10:39:25,0.439453125,
2020:28:07:10:39:27,0.673828125,
2020:28:07:10:39:29,0.791015625,
2020:28:07:10:39:30,0.849609375,
2020:28:07:10:39:32,0.859375,
